<?xml version="1.0" encoding="Windows-1252" standalone="no"?><uti:UtilityLEA_SchoolPackage xmlns:dtyp="http://www.lmonte.com/prop39/dtyp" xmlns:uti="http://www.lmonte.com/prop39/UtilDataProp39Report" xmlns:util="http://www.lmonte.com/prop39/util" xsi:schemaLocation="http://www.lmonte.com/prop39/dtyp DataTypes.xsd http://www.lmonte.com/prop39/UtilDataProp39Report UtilDataProp39Report.xsd http://www.lmonte.com/prop39/util UtilityDataModel.xsd" xmlns:xsi="http://www.w3.org/2001/XMLSchema-instance"><uti:UtilitySender>SouthernCaliforniaGas</uti:UtilitySender><uti:ReportingPeriod>2012-07-01Through2013-06-30</uti:ReportingPeriod><uti:Prop39SchemaVersion>P39 XML 1.004</uti:Prop39SchemaVersion><uti:DocumentData><uti:utilDataProp39Report><uti:LEA_Customer_CDSCode>15634040000000</uti:LEA_Customer_CDSCode><uti:LEA_CustomerData><uti:CustomerData><uti:Customer_CustomerName>Delano Union Elementary</uti:Customer_CustomerName><uti:Customer_StreetAddress>1405 12TH AVE</uti:Customer_StreetAddress><uti:Customer_City>DELANO</uti:Customer_City><uti:Customer_ZipPlus4>93215-2416</uti:Customer_ZipPlus4></uti:CustomerData></uti:LEA_CustomerData><uti:SchoolSiteData><uti:SchoolSite_SchoolSiteName>District Office</uti:SchoolSite_SchoolSiteName><uti:SchoolSite_CDSCode>15634040000000</uti:SchoolSite_CDSCode><uti:SchoolSite_StreetAddress>1405   12TH AVE </uti:SchoolSite_StreetAddress><uti:SchoolSite_City>DELANO</uti:SchoolSite_City><uti:SchoolSite_ZipPlus4>93215-2416</uti:SchoolSite_ZipPlus4><uti:SchoolCustomerAgreement><uti:Agreement_AgreementIdentifier>1697411036</uti:Agreement_AgreementIdentifier><uti:ServiceLocation><uti:ServiceLocation_PremisesID>1697411000</uti:ServiceLocation_PremisesID><uti:ServiceLocation_StreetAddress>1405   12TH AVE </uti:ServiceLocation_StreetAddress><uti:ServiceLocation_City>DELANO</uti:ServiceLocation_City><uti:ServiceLocation_ZipPlus4>93215-2416</uti:ServiceLocation_ZipPlus4><uti:MeterCollections><uti:MeterCollections_CommodityKind>NaturalGas</uti:MeterCollections_CommodityKind><uti:MeterCollections_ServicePointID>1697411000</uti:MeterCollections_ServicePointID><uti:MeterCollections_UnitOfMeasure>therm</uti:MeterCollections_UnitOfMeasure><uti:Meters><uti:Meters_MeterID>13119417    </uti:Meters_MeterID><uti:Meters_Longitude>119.24</uti:Meters_Longitude><uti:Meters_Latitude>35.77</uti:Meters_Latitude></uti:Meters></uti:MeterCollections></uti:ServiceLocation></uti:SchoolCustomerAgreement></uti:SchoolSiteData><uti:UsageData><uti:GasUsageData><uti:GasMonthlyBillDataPerAgreement><uti:GasMonthly_AgreementIdentifier>1697411036</uti:GasMonthly_AgreementIdentifier><uti:GasMonthly_ServicePointID>1697411000</uti:GasMonthly_ServicePointID><uti:GasMonthly_ConsumptionUnitOfMeasure>therm</uti:GasMonthly_ConsumptionUnitOfMeasure><uti:GasMonthlyBillData><uti:GasMonthly_RateScheduleID>GN-10   </uti:GasMonthly_RateScheduleID><uti:GasMonthly_BillingPeriodNumberOfDays>32</uti:GasMonthly_BillingPeriodNumberOfDays><uti:GasMonthly_EnergyGenerationOnSite>0</uti:GasMonthly_EnergyGenerationOnSite><uti:GasMonthly_StartTime>1343952000</uti:GasMonthly_StartTime><uti:GasMonthly_BillLastPeriod>19.36</uti:GasMonthly_BillLastPeriod><uti:GasMonthly_ConsumptionBillingPeriodTotal>4.00</uti:GasMonthly_ConsumptionBillingPeriodTotal></uti:GasMonthlyBillData><uti:GasMonthlyBillData><uti:GasMonthly_RateScheduleID>GN-10   </uti:GasMonthly_RateScheduleID><uti:GasMonthly_BillingPeriodNumberOfDays>29</uti:GasMonthly_BillingPeriodNumberOfDays><uti:GasMonthly_EnergyGenerationOnSite>0</uti:GasMonthly_EnergyGenerationOnSite><uti:GasMonthly_StartTime>1341446400</uti:GasMonthly_StartTime><uti:GasMonthly_BillLastPeriod>19.59</uti:GasMonthly_BillLastPeriod><uti:GasMonthly_ConsumptionBillingPeriodTotal>6.00</uti:GasMonthly_ConsumptionBillingPeriodTotal></uti:GasMonthlyBillData><uti:GasMonthlyBillData><uti:GasMonthly_RateScheduleID>GN-10   </uti:GasMonthly_RateScheduleID><uti:GasMonthly_BillingPeriodNumberOfDays>29</uti:GasMonthly_BillingPeriodNumberOfDays><uti:GasMonthly_EnergyGenerationOnSite>0</uti:GasMonthly_EnergyGenerationOnSite><uti:GasMonthly_StartTime>1346716800</uti:GasMonthly_StartTime><uti:GasMonthly_BillLastPeriod>17.73</uti:GasMonthly_BillLastPeriod><uti:GasMonthly_ConsumptionBillingPeriodTotal>4.00</uti:GasMonthly_ConsumptionBillingPeriodTotal></uti:GasMonthlyBillData><uti:GasMonthlyBillData><uti:GasMonthly_RateScheduleID>GN-10   </uti:GasMonthly_RateScheduleID><uti:GasMonthly_BillingPeriodNumberOfDays>28</uti:GasMonthly_BillingPeriodNumberOfDays><uti:GasMonthly_EnergyGenerationOnSite>0</uti:GasMonthly_EnergyGenerationOnSite><uti:GasMonthly_StartTime>1349222400</uti:GasMonthly_StartTime><uti:GasMonthly_BillLastPeriod>33.16</uti:GasMonthly_BillLastPeriod><uti:GasMonthly_ConsumptionBillingPeriodTotal>22.00</uti:GasMonthly_ConsumptionBillingPeriodTotal></uti:GasMonthlyBillData><uti:GasMonthlyBillData><uti:GasMonthly_RateScheduleID>GN-10   </uti:GasMonthly_RateScheduleID><uti:GasMonthly_BillingPeriodNumberOfDays>32</uti:GasMonthly_BillingPeriodNumberOfDays><uti:GasMonthly_EnergyGenerationOnSite>0</uti:GasMonthly_EnergyGenerationOnSite><uti:GasMonthly_StartTime>1365033600</uti:GasMonthly_StartTime><uti:GasMonthly_BillLastPeriod>40.48</uti:GasMonthly_BillLastPeriod><uti:GasMonthly_ConsumptionBillingPeriodTotal>26.00</uti:GasMonthly_ConsumptionBillingPeriodTotal></uti:GasMonthlyBillData><uti:GasMonthlyBillData><uti:GasMonthly_RateScheduleID>GN-10   </uti:GasMonthly_RateScheduleID><uti:GasMonthly_BillingPeriodNumberOfDays>30</uti:GasMonthly_BillingPeriodNumberOfDays><uti:GasMonthly_EnergyGenerationOnSite>0</uti:GasMonthly_EnergyGenerationOnSite><uti:GasMonthly_StartTime>1360022400</uti:GasMonthly_StartTime><uti:GasMonthly_BillLastPeriod>329.10</uti:GasMonthly_BillLastPeriod><uti:GasMonthly_ConsumptionBillingPeriodTotal>383.00</uti:GasMonthly_ConsumptionBillingPeriodTotal></uti:GasMonthlyBillData><uti:GasMonthlyBillData><uti:GasMonthly_RateScheduleID>GN-10   </uti:GasMonthly_RateScheduleID><uti:GasMonthly_BillingPeriodNumberOfDays>28</uti:GasMonthly_BillingPeriodNumberOfDays><uti:GasMonthly_EnergyGenerationOnSite>0</uti:GasMonthly_EnergyGenerationOnSite><uti:GasMonthly_StartTime>1362614400</uti:GasMonthly_StartTime><uti:GasMonthly_BillLastPeriod>121.13</uti:GasMonthly_BillLastPeriod><uti:GasMonthly_ConsumptionBillingPeriodTotal>121.00</uti:GasMonthly_ConsumptionBillingPeriodTotal></uti:GasMonthlyBillData><uti:GasMonthlyBillData><uti:GasMonthly_RateScheduleID>GN-10   </uti:GasMonthly_RateScheduleID><uti:GasMonthly_BillingPeriodNumberOfDays>32</uti:GasMonthly_BillingPeriodNumberOfDays><uti:GasMonthly_EnergyGenerationOnSite>0</uti:GasMonthly_EnergyGenerationOnSite><uti:GasMonthly_StartTime>1357257600</uti:GasMonthly_StartTime><uti:GasMonthly_BillLastPeriod>415.53</uti:GasMonthly_BillLastPeriod><uti:GasMonthly_ConsumptionBillingPeriodTotal>522.00</uti:GasMonthly_ConsumptionBillingPeriodTotal></uti:GasMonthlyBillData><uti:GasMonthlyBillData><uti:GasMonthly_RateScheduleID>GN-10   </uti:GasMonthly_RateScheduleID><uti:GasMonthly_BillingPeriodNumberOfDays>34</uti:GasMonthly_BillingPeriodNumberOfDays><uti:GasMonthly_EnergyGenerationOnSite>0</uti:GasMonthly_EnergyGenerationOnSite><uti:GasMonthly_StartTime>1351641600</uti:GasMonthly_StartTime><uti:GasMonthly_BillLastPeriod>162.46</uti:GasMonthly_BillLastPeriod><uti:GasMonthly_ConsumptionBillingPeriodTotal>157.00</uti:GasMonthly_ConsumptionBillingPeriodTotal></uti:GasMonthlyBillData><uti:GasMonthlyBillData><uti:GasMonthly_RateScheduleID>GN-10   </uti:GasMonthly_RateScheduleID><uti:GasMonthly_BillingPeriodNumberOfDays>30</uti:GasMonthly_BillingPeriodNumberOfDays><uti:GasMonthly_EnergyGenerationOnSite>0</uti:GasMonthly_EnergyGenerationOnSite><uti:GasMonthly_StartTime>1370390400</uti:GasMonthly_StartTime><uti:GasMonthly_BillLastPeriod>14.79</uti:GasMonthly_BillLastPeriod><uti:GasMonthly_ConsumptionBillingPeriodTotal>0.00</uti:GasMonthly_ConsumptionBillingPeriodTotal></uti:GasMonthlyBillData><uti:GasMonthlyBillData><uti:GasMonthly_RateScheduleID>GN-10   </uti:GasMonthly_RateScheduleID><uti:GasMonthly_BillingPeriodNumberOfDays>30</uti:GasMonthly_BillingPeriodNumberOfDays><uti:GasMonthly_EnergyGenerationOnSite>0</uti:GasMonthly_EnergyGenerationOnSite><uti:GasMonthly_StartTime>1367798400</uti:GasMonthly_StartTime><uti:GasMonthly_BillLastPeriod>39.26</uti:GasMonthly_BillLastPeriod><uti:GasMonthly_ConsumptionBillingPeriodTotal>25.00</uti:GasMonthly_ConsumptionBillingPeriodTotal></uti:GasMonthlyBillData><uti:GasMonthlyBillData><uti:GasMonthly_RateScheduleID>GN-10   </uti:GasMonthly_RateScheduleID><uti:GasMonthly_BillingPeriodNumberOfDays>31</uti:GasMonthly_BillingPeriodNumberOfDays><uti:GasMonthly_EnergyGenerationOnSite>0</uti:GasMonthly_EnergyGenerationOnSite><uti:GasMonthly_StartTime>1354579200</uti:GasMonthly_StartTime><uti:GasMonthly_BillLastPeriod>432.95</uti:GasMonthly_BillLastPeriod><uti:GasMonthly_ConsumptionBillingPeriodTotal>500.00</uti:GasMonthly_ConsumptionBillingPeriodTotal></uti:GasMonthlyBillData></uti:GasMonthlyBillDataPerAgreement><uti:GasIntervalData><uti:GasInterval_AgreementIdentifier>1697411036</uti:GasInterval_AgreementIdentifier><uti:GasInterval_ConsumptionUnitOfMeasure>therm</uti:GasInterval_ConsumptionUnitOfMeasure><uti:GasIntervalDataForAgreement><uti:GasInterval_NoIntervalDataAvailable>true</uti:GasInterval_NoIntervalDataAvailable></uti:GasIntervalDataForAgreement></uti:GasIntervalData></uti:GasUsageData></uti:UsageData></uti:utilDataProp39Report></uti:DocumentData></uti:UtilityLEA_SchoolPackage>
