<?xml version='1.0' encoding='UTF-8' ?>
<UtilityLEA_SchoolPackage xsi:schemaLocation='http://www.lmonte.com/prop39/UtilDataProp39Report UtilDataProp39Report.xsd' xmlns='http://www.lmonte.com/prop39/UtilDataProp39Report' xmlns:xsi='http://www.w3.org/2001/XMLSchema-instance'>
<UtilitySender>LosAngelesDepartmentWaterPower</UtilitySender>
<ReportingPeriod>2013-07-01Through2014-06-30</ReportingPeriod>
<Prop39SchemaVersion>P39 XML 1.004</Prop39SchemaVersion>
<DocumentData>
<utilDataProp39Report>
<LEA_Customer_CDSCode>19647330106971</LEA_Customer_CDSCode>
<LEA_CustomerData>
<CustomerData>
<Customer_CustomerName>LAUSD</Customer_CustomerName>
<Customer_StreetAddress>333 SOUTH BEAUDRY AVENUE</Customer_StreetAddress>
<Customer_City>LOS ANGELES</Customer_City>
<Customer_ZipPlus4>90017</Customer_ZipPlus4>
<Customer_AccountNumber>8411718306</Customer_AccountNumber>
<Customer_PhoneNumber>(213)241-1000</Customer_PhoneNumber>
</CustomerData>
</LEA_CustomerData>
<SchoolSiteData>
<SchoolSite_SchoolSiteName>VISTA MS</SchoolSite_SchoolSiteName>
<SchoolSite_CDSCode>19647330106971</SchoolSite_CDSCode>
<SchoolSite_StreetAddress>15040 ROSCOE BLVD</SchoolSite_StreetAddress>
<SchoolSite_City>VAN NUYS</SchoolSite_City>
<SchoolSite_ZipPlus4>91402</SchoolSite_ZipPlus4>
<SchoolCustomerAgreement>
<Agreement_AgreementIdentifier>5836180039</Agreement_AgreementIdentifier>
<ServiceLocation>
<ServiceLocation_PremisesID>5836180990</ServiceLocation_PremisesID>
<ServiceLocation_StreetAddress>15040 ROSCOE BLVD</ServiceLocation_StreetAddress>
<ServiceLocation_City>VAN NUYS</ServiceLocation_City>
<ServiceLocation_ZipPlus4>91402</ServiceLocation_ZipPlus4>
<MeterCollections>
<MeterCollections_CommodityKind>Electricity</MeterCollections_CommodityKind>
<MeterCollections_ServicePointID>5836180971</MeterCollections_ServicePointID>
<MeterCollections_UnitOfMeasure>kWh</MeterCollections_UnitOfMeasure>
<Meters>
<Meters_MeterID></Meters_MeterID>
<Meters_Longitude>-118.46</Meters_Longitude>
<Meters_Latitude>34.22</Meters_Latitude>
</Meters>
</MeterCollections>
</ServiceLocation>
</SchoolCustomerAgreement>
</SchoolSiteData>
<UsageData>
<ElectricityUsageData>
<ElectricityMonthlyBillDataPerAgreement>
<ElectricityMonthly_AgreementIdentifier>5836180039</ElectricityMonthly_AgreementIdentifier>
<ElectricityMonthly_ServicePointID>5836180971</ElectricityMonthly_ServicePointID>
<ElectricityMonthly_ConsumptionUnitOfMeasure>kWh</ElectricityMonthly_ConsumptionUnitOfMeasure>
<ElectricityMonthly_MaximumDemandUnitOfMeasure>kW</ElectricityMonthly_MaximumDemandUnitOfMeasure>
<ElectricityMonthlyBillData>
<ElectricityMonthly_RateScheduleID>EA3A-BC</ElectricityMonthly_RateScheduleID>
<ElectricityMonthly_BillingPeriodNumberOfDays>31</ElectricityMonthly_BillingPeriodNumberOfDays>
<ElectricityMonthly_EnergyGenerationOnSite>false</ElectricityMonthly_EnergyGenerationOnSite>
<ElectricityMonthly_StartTime>1372982400</ElectricityMonthly_StartTime>
<ElectricityMonthly_BillLastPeriod>9625.89</ElectricityMonthly_BillLastPeriod>
<ElectricityMonthly_ConsumptionBillingPeriodTotal>31577.00</ElectricityMonthly_ConsumptionBillingPeriodTotal>
<ElectricityMonthlyTimeOfUse>
<ElectricityMonthlyTimeOfUseValues>
<ElectricityMonthly_ConsumptionOnPeak>-4078</ElectricityMonthly_ConsumptionOnPeak>
<ElectricityMonthly_ConsumptionSemiPeak>2101</ElectricityMonthly_ConsumptionSemiPeak>
<ElectricityMonthly_ConsumptionOffPeak>33554</ElectricityMonthly_ConsumptionOffPeak>
</ElectricityMonthlyTimeOfUseValues>
</ElectricityMonthlyTimeOfUse>
<ElectricityMonthlyDemandValues>
<ElectricityMonthly_NoDemandDataAvailable>true</ElectricityMonthly_NoDemandDataAvailable>
</ElectricityMonthlyDemandValues>
</ElectricityMonthlyBillData><ElectricityMonthlyBillData>
<ElectricityMonthly_RateScheduleID>EA3A-BC</ElectricityMonthly_RateScheduleID>
<ElectricityMonthly_BillingPeriodNumberOfDays>31</ElectricityMonthly_BillingPeriodNumberOfDays>
<ElectricityMonthly_EnergyGenerationOnSite>false</ElectricityMonthly_EnergyGenerationOnSite>
<ElectricityMonthly_StartTime>1372982400</ElectricityMonthly_StartTime>
<ElectricityMonthly_BillLastPeriod>10827.98</ElectricityMonthly_BillLastPeriod>
<ElectricityMonthly_ConsumptionBillingPeriodTotal>31577.00</ElectricityMonthly_ConsumptionBillingPeriodTotal>
<ElectricityMonthlyTimeOfUse>
<ElectricityMonthlyTimeOfUseValues>
<ElectricityMonthly_ConsumptionOnPeak>-4078</ElectricityMonthly_ConsumptionOnPeak>
<ElectricityMonthly_ConsumptionSemiPeak>2101</ElectricityMonthly_ConsumptionSemiPeak>
<ElectricityMonthly_ConsumptionOffPeak>33554</ElectricityMonthly_ConsumptionOffPeak>
</ElectricityMonthlyTimeOfUseValues>
</ElectricityMonthlyTimeOfUse>
<ElectricityMonthlyDemandValues>
<ElectricityMonthly_NoDemandDataAvailable>true</ElectricityMonthly_NoDemandDataAvailable>
</ElectricityMonthlyDemandValues>
</ElectricityMonthlyBillData><ElectricityMonthlyBillData>
<ElectricityMonthly_RateScheduleID>EA3A-BC</ElectricityMonthly_RateScheduleID>
<ElectricityMonthly_BillingPeriodNumberOfDays>30</ElectricityMonthly_BillingPeriodNumberOfDays>
<ElectricityMonthly_EnergyGenerationOnSite>false</ElectricityMonthly_EnergyGenerationOnSite>
<ElectricityMonthly_StartTime>1375660800</ElectricityMonthly_StartTime>
<ElectricityMonthly_BillLastPeriod>18950.02</ElectricityMonthly_BillLastPeriod>
<ElectricityMonthly_ConsumptionBillingPeriodTotal>86255.00</ElectricityMonthly_ConsumptionBillingPeriodTotal>
<ElectricityMonthlyTimeOfUse>
<ElectricityMonthlyTimeOfUseValues>
<ElectricityMonthly_ConsumptionOnPeak>14117</ElectricityMonthly_ConsumptionOnPeak>
<ElectricityMonthly_ConsumptionSemiPeak>21680</ElectricityMonthly_ConsumptionSemiPeak>
<ElectricityMonthly_ConsumptionOffPeak>50458</ElectricityMonthly_ConsumptionOffPeak>
</ElectricityMonthlyTimeOfUseValues>
</ElectricityMonthlyTimeOfUse>
<ElectricityMonthlyDemandValues>
<ElectricityMonthly_NoDemandDataAvailable>true</ElectricityMonthly_NoDemandDataAvailable>
</ElectricityMonthlyDemandValues>
</ElectricityMonthlyBillData><ElectricityMonthlyBillData>
<ElectricityMonthly_RateScheduleID>EA3A-BC</ElectricityMonthly_RateScheduleID>
<ElectricityMonthly_BillingPeriodNumberOfDays>30</ElectricityMonthly_BillingPeriodNumberOfDays>
<ElectricityMonthly_EnergyGenerationOnSite>false</ElectricityMonthly_EnergyGenerationOnSite>
<ElectricityMonthly_StartTime>1375660800</ElectricityMonthly_StartTime>
<ElectricityMonthly_BillLastPeriod>21315.65</ElectricityMonthly_BillLastPeriod>
<ElectricityMonthly_ConsumptionBillingPeriodTotal>86255.00</ElectricityMonthly_ConsumptionBillingPeriodTotal>
<ElectricityMonthlyTimeOfUse>
<ElectricityMonthlyTimeOfUseValues>
<ElectricityMonthly_ConsumptionOnPeak>14117</ElectricityMonthly_ConsumptionOnPeak>
<ElectricityMonthly_ConsumptionSemiPeak>21680</ElectricityMonthly_ConsumptionSemiPeak>
<ElectricityMonthly_ConsumptionOffPeak>50458</ElectricityMonthly_ConsumptionOffPeak>
</ElectricityMonthlyTimeOfUseValues>
</ElectricityMonthlyTimeOfUse>
<ElectricityMonthlyDemandValues>
<ElectricityMonthly_NoDemandDataAvailable>true</ElectricityMonthly_NoDemandDataAvailable>
</ElectricityMonthlyDemandValues>
</ElectricityMonthlyBillData><ElectricityMonthlyBillData>
<ElectricityMonthly_RateScheduleID>EA3A-BC</ElectricityMonthly_RateScheduleID>
<ElectricityMonthly_BillingPeriodNumberOfDays>29</ElectricityMonthly_BillingPeriodNumberOfDays>
<ElectricityMonthly_EnergyGenerationOnSite>false</ElectricityMonthly_EnergyGenerationOnSite>
<ElectricityMonthly_StartTime>1378252800</ElectricityMonthly_StartTime>
<ElectricityMonthly_BillLastPeriod>22909.15</ElectricityMonthly_BillLastPeriod>
<ElectricityMonthly_ConsumptionBillingPeriodTotal>101208.00</ElectricityMonthly_ConsumptionBillingPeriodTotal>
<ElectricityMonthlyTimeOfUse>
<ElectricityMonthlyTimeOfUseValues>
<ElectricityMonthly_ConsumptionOnPeak>18333</ElectricityMonthly_ConsumptionOnPeak>
<ElectricityMonthly_ConsumptionSemiPeak>26171</ElectricityMonthly_ConsumptionSemiPeak>
<ElectricityMonthly_ConsumptionOffPeak>56704</ElectricityMonthly_ConsumptionOffPeak>
</ElectricityMonthlyTimeOfUseValues>
</ElectricityMonthlyTimeOfUse>
<ElectricityMonthlyDemandValues>
<ElectricityMonthly_NoDemandDataAvailable>true</ElectricityMonthly_NoDemandDataAvailable>
</ElectricityMonthlyDemandValues>
</ElectricityMonthlyBillData><ElectricityMonthlyBillData>
<ElectricityMonthly_RateScheduleID>EA3A-BC</ElectricityMonthly_RateScheduleID>
<ElectricityMonthly_BillingPeriodNumberOfDays>29</ElectricityMonthly_BillingPeriodNumberOfDays>
<ElectricityMonthly_EnergyGenerationOnSite>false</ElectricityMonthly_EnergyGenerationOnSite>
<ElectricityMonthly_StartTime>1378252800</ElectricityMonthly_StartTime>
<ElectricityMonthly_BillLastPeriod>20379.14</ElectricityMonthly_BillLastPeriod>
<ElectricityMonthly_ConsumptionBillingPeriodTotal>101208.00</ElectricityMonthly_ConsumptionBillingPeriodTotal>
<ElectricityMonthlyTimeOfUse>
<ElectricityMonthlyTimeOfUseValues>
<ElectricityMonthly_ConsumptionOnPeak>18333</ElectricityMonthly_ConsumptionOnPeak>
<ElectricityMonthly_ConsumptionSemiPeak>26171</ElectricityMonthly_ConsumptionSemiPeak>
<ElectricityMonthly_ConsumptionOffPeak>56704</ElectricityMonthly_ConsumptionOffPeak>
</ElectricityMonthlyTimeOfUseValues>
</ElectricityMonthlyTimeOfUse>
<ElectricityMonthlyDemandValues>
<ElectricityMonthly_NoDemandDataAvailable>true</ElectricityMonthly_NoDemandDataAvailable>
</ElectricityMonthlyDemandValues>
</ElectricityMonthlyBillData><ElectricityMonthlyBillData>
<ElectricityMonthly_RateScheduleID>EA3A-BC</ElectricityMonthly_RateScheduleID>
<ElectricityMonthly_BillingPeriodNumberOfDays>32</ElectricityMonthly_BillingPeriodNumberOfDays>
<ElectricityMonthly_EnergyGenerationOnSite>false</ElectricityMonthly_EnergyGenerationOnSite>
<ElectricityMonthly_StartTime>1380758400</ElectricityMonthly_StartTime>
<ElectricityMonthly_BillLastPeriod>14031.9</ElectricityMonthly_BillLastPeriod>
<ElectricityMonthly_ConsumptionBillingPeriodTotal>90261.00</ElectricityMonthly_ConsumptionBillingPeriodTotal>
<ElectricityMonthlyTimeOfUse>
<ElectricityMonthlyTimeOfUseValues>
<ElectricityMonthly_ConsumptionOnPeak>14056</ElectricityMonthly_ConsumptionOnPeak>
<ElectricityMonthly_ConsumptionSemiPeak>21368</ElectricityMonthly_ConsumptionSemiPeak>
<ElectricityMonthly_ConsumptionOffPeak>54837</ElectricityMonthly_ConsumptionOffPeak>
</ElectricityMonthlyTimeOfUseValues>
</ElectricityMonthlyTimeOfUse>
<ElectricityMonthlyDemandValues>
<ElectricityMonthly_NoDemandDataAvailable>true</ElectricityMonthly_NoDemandDataAvailable>
</ElectricityMonthlyDemandValues>
</ElectricityMonthlyBillData><ElectricityMonthlyBillData>
<ElectricityMonthly_RateScheduleID>EA3A-BC</ElectricityMonthly_RateScheduleID>
<ElectricityMonthly_BillingPeriodNumberOfDays>32</ElectricityMonthly_BillingPeriodNumberOfDays>
<ElectricityMonthly_EnergyGenerationOnSite>false</ElectricityMonthly_EnergyGenerationOnSite>
<ElectricityMonthly_StartTime>1383523200</ElectricityMonthly_StartTime>
<ElectricityMonthly_BillLastPeriod>13238.71</ElectricityMonthly_BillLastPeriod>
<ElectricityMonthly_ConsumptionBillingPeriodTotal>82272.00</ElectricityMonthly_ConsumptionBillingPeriodTotal>
<ElectricityMonthlyTimeOfUse>
<ElectricityMonthlyTimeOfUseValues>
<ElectricityMonthly_ConsumptionOnPeak>13926</ElectricityMonthly_ConsumptionOnPeak>
<ElectricityMonthly_ConsumptionSemiPeak>18549</ElectricityMonthly_ConsumptionSemiPeak>
<ElectricityMonthly_ConsumptionOffPeak>49797</ElectricityMonthly_ConsumptionOffPeak>
</ElectricityMonthlyTimeOfUseValues>
</ElectricityMonthlyTimeOfUse>
<ElectricityMonthlyDemandValues>
<ElectricityMonthly_NoDemandDataAvailable>true</ElectricityMonthly_NoDemandDataAvailable>
</ElectricityMonthlyDemandValues>
</ElectricityMonthlyBillData><ElectricityMonthlyBillData>
<ElectricityMonthly_RateScheduleID>EA3A-BC</ElectricityMonthly_RateScheduleID>
<ElectricityMonthly_BillingPeriodNumberOfDays>33</ElectricityMonthly_BillingPeriodNumberOfDays>
<ElectricityMonthly_EnergyGenerationOnSite>false</ElectricityMonthly_EnergyGenerationOnSite>
<ElectricityMonthly_StartTime>1386288000</ElectricityMonthly_StartTime>
<ElectricityMonthly_BillLastPeriod>11221.74</ElectricityMonthly_BillLastPeriod>
<ElectricityMonthly_ConsumptionBillingPeriodTotal>64448.00</ElectricityMonthly_ConsumptionBillingPeriodTotal>
<ElectricityMonthlyTimeOfUse>
<ElectricityMonthlyTimeOfUseValues>
<ElectricityMonthly_ConsumptionOnPeak>7131</ElectricityMonthly_ConsumptionOnPeak>
<ElectricityMonthly_ConsumptionSemiPeak>11131</ElectricityMonthly_ConsumptionSemiPeak>
<ElectricityMonthly_ConsumptionOffPeak>46186</ElectricityMonthly_ConsumptionOffPeak>
</ElectricityMonthlyTimeOfUseValues>
</ElectricityMonthlyTimeOfUse>
<ElectricityMonthlyDemandValues>
<ElectricityMonthly_NoDemandDataAvailable>true</ElectricityMonthly_NoDemandDataAvailable>
</ElectricityMonthlyDemandValues>
</ElectricityMonthlyBillData><ElectricityMonthlyBillData>
<ElectricityMonthly_RateScheduleID>EA3A-BC</ElectricityMonthly_RateScheduleID>
<ElectricityMonthly_BillingPeriodNumberOfDays>29</ElectricityMonthly_BillingPeriodNumberOfDays>
<ElectricityMonthly_EnergyGenerationOnSite>false</ElectricityMonthly_EnergyGenerationOnSite>
<ElectricityMonthly_StartTime>1389139200</ElectricityMonthly_StartTime>
<ElectricityMonthly_BillLastPeriod>11776.53</ElectricityMonthly_BillLastPeriod>
<ElectricityMonthly_ConsumptionBillingPeriodTotal>70080.00</ElectricityMonthly_ConsumptionBillingPeriodTotal>
<ElectricityMonthlyTimeOfUse>
<ElectricityMonthlyTimeOfUseValues>
<ElectricityMonthly_ConsumptionOnPeak>10325</ElectricityMonthly_ConsumptionOnPeak>
<ElectricityMonthly_ConsumptionSemiPeak>15102</ElectricityMonthly_ConsumptionSemiPeak>
<ElectricityMonthly_ConsumptionOffPeak>44653</ElectricityMonthly_ConsumptionOffPeak>
</ElectricityMonthlyTimeOfUseValues>
</ElectricityMonthlyTimeOfUse>
<ElectricityMonthlyDemandValues>
<ElectricityMonthly_NoDemandDataAvailable>true</ElectricityMonthly_NoDemandDataAvailable>
</ElectricityMonthlyDemandValues>
</ElectricityMonthlyBillData><ElectricityMonthlyBillData>
<ElectricityMonthly_RateScheduleID>EA3A-BC</ElectricityMonthly_RateScheduleID>
<ElectricityMonthly_BillingPeriodNumberOfDays>29</ElectricityMonthly_BillingPeriodNumberOfDays>
<ElectricityMonthly_EnergyGenerationOnSite>false</ElectricityMonthly_EnergyGenerationOnSite>
<ElectricityMonthly_StartTime>1391644800</ElectricityMonthly_StartTime>
<ElectricityMonthly_BillLastPeriod>11619</ElectricityMonthly_BillLastPeriod>
<ElectricityMonthly_ConsumptionBillingPeriodTotal>69179.00</ElectricityMonthly_ConsumptionBillingPeriodTotal>
<ElectricityMonthlyTimeOfUse>
<ElectricityMonthlyTimeOfUseValues>
<ElectricityMonthly_ConsumptionOnPeak>10408</ElectricityMonthly_ConsumptionOnPeak>
<ElectricityMonthly_ConsumptionSemiPeak>15624</ElectricityMonthly_ConsumptionSemiPeak>
<ElectricityMonthly_ConsumptionOffPeak>43147</ElectricityMonthly_ConsumptionOffPeak>
</ElectricityMonthlyTimeOfUseValues>
</ElectricityMonthlyTimeOfUse>
<ElectricityMonthlyDemandValues>
<ElectricityMonthly_NoDemandDataAvailable>true</ElectricityMonthly_NoDemandDataAvailable>
</ElectricityMonthlyDemandValues>
</ElectricityMonthlyBillData><ElectricityMonthlyBillData>
<ElectricityMonthly_RateScheduleID>EA3A-BC</ElectricityMonthly_RateScheduleID>
<ElectricityMonthly_BillingPeriodNumberOfDays>31</ElectricityMonthly_BillingPeriodNumberOfDays>
<ElectricityMonthly_EnergyGenerationOnSite>false</ElectricityMonthly_EnergyGenerationOnSite>
<ElectricityMonthly_StartTime>1394150400</ElectricityMonthly_StartTime>
<ElectricityMonthly_BillLastPeriod>10530.18</ElectricityMonthly_BillLastPeriod>
<ElectricityMonthly_ConsumptionBillingPeriodTotal>58639.00</ElectricityMonthly_ConsumptionBillingPeriodTotal>
<ElectricityMonthlyTimeOfUse>
<ElectricityMonthlyTimeOfUseValues>
<ElectricityMonthly_ConsumptionOnPeak>4798</ElectricityMonthly_ConsumptionOnPeak>
<ElectricityMonthly_ConsumptionSemiPeak>11833</ElectricityMonthly_ConsumptionSemiPeak>
<ElectricityMonthly_ConsumptionOffPeak>42008</ElectricityMonthly_ConsumptionOffPeak>
</ElectricityMonthlyTimeOfUseValues>
</ElectricityMonthlyTimeOfUse>
<ElectricityMonthlyDemandValues>
<ElectricityMonthly_NoDemandDataAvailable>true</ElectricityMonthly_NoDemandDataAvailable>
</ElectricityMonthlyDemandValues>
</ElectricityMonthlyBillData><ElectricityMonthlyBillData>
<ElectricityMonthly_RateScheduleID>EA3A-BC</ElectricityMonthly_RateScheduleID>
<ElectricityMonthly_BillingPeriodNumberOfDays>29</ElectricityMonthly_BillingPeriodNumberOfDays>
<ElectricityMonthly_EnergyGenerationOnSite>false</ElectricityMonthly_EnergyGenerationOnSite>
<ElectricityMonthly_StartTime>1396828800</ElectricityMonthly_StartTime>
<ElectricityMonthly_BillLastPeriod>10958.54</ElectricityMonthly_BillLastPeriod>
<ElectricityMonthly_ConsumptionBillingPeriodTotal>56307.00</ElectricityMonthly_ConsumptionBillingPeriodTotal>
<ElectricityMonthlyTimeOfUse>
<ElectricityMonthlyTimeOfUseValues>
<ElectricityMonthly_ConsumptionOnPeak>5616</ElectricityMonthly_ConsumptionOnPeak>
<ElectricityMonthly_ConsumptionSemiPeak>11746</ElectricityMonthly_ConsumptionSemiPeak>
<ElectricityMonthly_ConsumptionOffPeak>38945</ElectricityMonthly_ConsumptionOffPeak>
</ElectricityMonthlyTimeOfUseValues>
</ElectricityMonthlyTimeOfUse>
<ElectricityMonthlyDemandValues>
<ElectricityMonthly_NoDemandDataAvailable>true</ElectricityMonthly_NoDemandDataAvailable>
</ElectricityMonthlyDemandValues>
</ElectricityMonthlyBillData><ElectricityMonthlyBillData>
<ElectricityMonthly_RateScheduleID>EA3A-BC</ElectricityMonthly_RateScheduleID>
<ElectricityMonthly_BillingPeriodNumberOfDays>30</ElectricityMonthly_BillingPeriodNumberOfDays>
<ElectricityMonthly_EnergyGenerationOnSite>false</ElectricityMonthly_EnergyGenerationOnSite>
<ElectricityMonthly_StartTime>1399334400</ElectricityMonthly_StartTime>
<ElectricityMonthly_BillLastPeriod>13818.62</ElectricityMonthly_BillLastPeriod>
<ElectricityMonthly_ConsumptionBillingPeriodTotal>75122.00</ElectricityMonthly_ConsumptionBillingPeriodTotal>
<ElectricityMonthlyTimeOfUse>
<ElectricityMonthlyTimeOfUseValues>
<ElectricityMonthly_ConsumptionOnPeak>11201</ElectricityMonthly_ConsumptionOnPeak>
<ElectricityMonthly_ConsumptionSemiPeak>18081</ElectricityMonthly_ConsumptionSemiPeak>
<ElectricityMonthly_ConsumptionOffPeak>45840</ElectricityMonthly_ConsumptionOffPeak>
</ElectricityMonthlyTimeOfUseValues>
</ElectricityMonthlyTimeOfUse>
<ElectricityMonthlyDemandValues>
<ElectricityMonthly_NoDemandDataAvailable>true</ElectricityMonthly_NoDemandDataAvailable>
</ElectricityMonthlyDemandValues>
</ElectricityMonthlyBillData><ElectricityMonthlyBillData>
<ElectricityMonthly_RateScheduleID>EA3A-BC</ElectricityMonthly_RateScheduleID>
<ElectricityMonthly_BillingPeriodNumberOfDays>32</ElectricityMonthly_BillingPeriodNumberOfDays>
<ElectricityMonthly_EnergyGenerationOnSite>false</ElectricityMonthly_EnergyGenerationOnSite>
<ElectricityMonthly_StartTime>1401926400</ElectricityMonthly_StartTime>
<ElectricityMonthly_BillLastPeriod>9129.34</ElectricityMonthly_BillLastPeriod>
<ElectricityMonthly_ConsumptionBillingPeriodTotal>34741.00</ElectricityMonthly_ConsumptionBillingPeriodTotal>
<ElectricityMonthlyTimeOfUse>
<ElectricityMonthlyTimeOfUseValues>
<ElectricityMonthly_ConsumptionOnPeak>-2173</ElectricityMonthly_ConsumptionOnPeak>
<ElectricityMonthly_ConsumptionSemiPeak>1556</ElectricityMonthly_ConsumptionSemiPeak>
<ElectricityMonthly_ConsumptionOffPeak>35358</ElectricityMonthly_ConsumptionOffPeak>
</ElectricityMonthlyTimeOfUseValues>
</ElectricityMonthlyTimeOfUse>
<ElectricityMonthlyDemandValues>
<ElectricityMonthly_NoDemandDataAvailable>true</ElectricityMonthly_NoDemandDataAvailable>
</ElectricityMonthlyDemandValues>
</ElectricityMonthlyBillData>
</ElectricityMonthlyBillDataPerAgreement>
<ElectricityIntervalData>
<ElectricityInterval_AgreementIdentifier>5836180039</ElectricityInterval_AgreementIdentifier>
<ElectricityInterval_ServicePointID>5836180971</ElectricityInterval_ServicePointID>
<ElectricityInterval_ConsumptionUnitOfMeasure>kWh</ElectricityInterval_ConsumptionUnitOfMeasure>
<ElectricityIntervalDataForAgreement>
<ElectricityInterval_NoIntervalDataAvailable>true</ElectricityInterval_NoIntervalDataAvailable>
</ElectricityIntervalDataForAgreement>
</ElectricityIntervalData>
</ElectricityUsageData>
</UsageData>
</utilDataProp39Report>
</DocumentData>
</UtilityLEA_SchoolPackage>
